[
    {
        "id": 1,
        "name": "Mens Dress",
        "description": "Casual outfits for Men" ,
        "price": 250,
        "imageUrl": "assets/dress.jpeg",
        "category": "FASHION"
    },
    {
        "id": 2,
        "name": "Hat",
        "description": "Stylish hats at lowest price!",
        "price": 350,
        "imageUrl": "assets/dress2.jpeg",
        "category": "FASHION"
    },
    {
        "id": 3,
        "name": "Laptop",
        "description": "MAC Laptops and other higher end varieties",
        "price": 60000,
        "imageUrl": "assets/laptop.jpg",
        "category": "ACCESSORIES"
    },
    {
        "id": 4,
        "name": "Headset",
        "description": "Branded HeadSets -boAT RockerZ,Sony,JBL",
        "price": 250,
        "imageUrl": "assets/headset.jpg",
        "category": "ACCESSORIES"
    },
    {
        "id": 5,
        "name": "HarryPotter",
        "description": "A series of seven fantasy novels.",
        "price": 250,
        "imageUrl": "assets/book.jpeg",
        "category": "BOOKS"
    },
    {
        "id": 6,
        "name": "Two States",
        "description": "A 2009 novel written by Chetan Bhagat.",
        "price": 250,
        "imageUrl": "assets/book1.jpeg",
        "category": "BOOKS"
    },{
        "id": 7,
        "name": "Mens Dress Two",
        "description": " Dual combo casual outfits for men." ,
        "price": 900,
        "imageUrl": "assets/dress.jpeg",
        "category": "FASHION"
    },
    {
        "id": 8,
        "name": "Brown Hat",
        "description": "Stylish COW BOY hats at lower price!", 
        "price": 390,
        "imageUrl": "assets/dress2.jpeg",
        "category": "FASHION"
    },
    {
        "id": 9,
        "name": "Smart Watch",
        "description": "Best Apple wath series 6.",
        "price": 50000,
        "imageUrl": "assets/laptop.jpg",
        "category": "ACCESSORIES"
    },
    {
        "id": 10,
        "name": "Table",
        "description": "Desktop/Laptop Tables.",
        "price": 250,
        "imageUrl": "assets/headset.jpg",
        "category": "ACCESSORIES"
    },
    {
        "id": 11,
        "name": "Life of PI",
        "description": "A Canadian philosophical novel.",
        "price": 250,
        "imageUrl": "assets/book.jpeg",
        "category": "BOOKS"
    },
    {
        "id": 12,
        "name": "Friends",
        "description": "I'll be there for you: The One about Friends.",
        "price": 250,
        "imageUrl": "assets/book1.jpeg",
        "category": "BOOKS"
    }
]
